{"cameraMode":{"drawMode":0,"name":"Shaded","section":"Shading Mode"},"sceneLighting":true,"audioPlay":false,"sceneViewState":{"m_AlwaysRefresh":false,"showFog":true,"showSkybox":true,"showFlares":true,"showImageEffects":true,"showParticleSystems":true,"showVisualEffectGraphs":true,"m_FxEnabled":true},"in2DMode":false,"pivot":{"x":23.02959442138672,"y":25.562742233276368,"z":16.47987174987793},"rotation":{"x":0.016350043937563897,"y":-0.5257256627082825,"z":-0.009534753859043122,"w":-0.8507735133171082},"size":9.812906265258789,"orthographic":false}